IosHostname,IosEnableSecret,IosEnablePwd,IosUsername
['hostname Router'],['enable secret 5 $1$D5P6$PYx41/lQIASK.HcSbfO5q1'],['enable password xxxxxx'],['username username1 password 0 kV9sIj3']
IosHostname,IosEnableSecret,IosEnablePwd,IosUsername
['hostname Router'],['enable secret 5 $1$D5P6$PYx41/lQIASK.HcSbfO5q1'],['enable password xxxxxx'],['username username1 password 0 kV9sIj3']
IosHostname,IosEnableSecret,IosEnablePwd,IosUsername
['hostname Router'],['enable secret 5 $1$D5P6$PYx41/lQIASK.HcSbfO5q1'],['enable password xxxxxx'],['username username1 password 0 kV9sIj3']
IosHostname,IosEnableSecret,IosEnablePwd,IosUsername
['hostname Router'],['enable secret 5 $1$D5P6$PYx41/lQIASK.HcSbfO5q1'],['enable password xxxxxx'],['username username1 password 0 kV9sIj3']
IosHostname,IosEnableSecret,IosEnablePwd,IosUsername
['hostname Router'],['enable secret 5 $1$D5P6$PYx41/lQIASK.HcSbfO5q1'],['enable password xxxxxx'],['username username1 password 0 kV9sIj3']
IosHostname,IosEnableSecret,IosEnablePwd,IosUsername
['hostname Router'],['enable secret 5 $1$D5P6$PYx41/lQIASK.HcSbfO5q1'],['enable password xxxxxx'],['username username1 password 0 kV9sIj3']
IosHostname,IosEnableSecret,IosEnablePwd,IosUsername
['hostname Router'],['enable secret 5 $1$D5P6$PYx41/lQIASK.HcSbfO5q1'],['enable password xxxxxx'],['username username1 password 0 kV9sIj3']
IosHostname,IosEnableSecret,IosEnablePwd,IosUsername
['hostname Router'],['enable secret 5 $1$D5P6$PYx41/lQIASK.HcSbfO5q1'],['enable password xxxxxx'],['username username1 password 0 kV9sIj3']
['hostname Router'],['enable secret 5 $1$D5P6$PYx41/lQIASK.HcSbfO5q1'],['enable password xxxxxx'],['username username1 password 0 kV9sIj3']
['hostname Router'],['enable secret 5 $1$D5P6$PYx41/lQIASK.HcSbfO5q1'],['enable password xxxxxx'],['username username1 password 0 kV9sIj3']
['hostname Router'],['enable secret 5 $1$D5P6$PYx41/lQIASK.HcSbfO5q1'],['enable password xxxxxx'],['username username1 password 0 kV9sIj3']
['hostname Router'],['enable secret 5 $1$D5P6$PYx41/lQIASK.HcSbfO5q1'],['enable password xxxxxx'],['username username1 password 0 kV9sIj3']
['hostname Router'],['enable secret 5 $1$D5P6$PYx41/lQIASK.HcSbfO5q1'],['enable password xxxxxx'],['username username1 password 0 kV9sIj3']
['hostname Router'],['enable secret 5 $1$D5P6$PYx41/lQIASK.HcSbfO5q1'],['enable password xxxxxx'],['username username1 password 0 kV9sIj3']
['hostname Router'],['enable secret 5 $1$D5P6$PYx41/lQIASK.HcSbfO5q1'],['enable password xxxxxx'],['username username1 password 0 kV9sIj3']
['hostname Router'],['enable secret 5 $1$D5P6$PYx41/lQIASK.HcSbfO5q1'],['enable password xxxxxx'],['username username1 password 0 kV9sIj3']
['hostname Router'],['enable secret 5 $1$D5P6$PYx41/lQIASK.HcSbfO5q1'],['enable password xxxxxx'],['username username1 password 0 kV9sIj3']
['hostname Router'],['enable secret 5 $1$D5P6$PYx41/lQIASK.HcSbfO5q1'],['enable password xxxxxx'],['username username1 password 0 kV9sIj3']
['hostname Router'],['enable secret 5 $1$D5P6$PYx41/lQIASK.HcSbfO5q1'],['enable password xxxxxx'],['username username1 password 0 kV9sIj3']
['hostname Router'],['enable secret 5 $1$D5P6$PYx41/lQIASK.HcSbfO5q1'],['enable password xxxxxx'],['username username1 password 0 kV9sIj3']
['hostname Router'],['enable secret 5 $1$D5P6$PYx41/lQIASK.HcSbfO5q1'],['enable password xxxxxx'],['username username1 password 0 kV9sIj3']
['hostname Router'],['enable secret 5 $1$D5P6$PYx41/lQIASK.HcSbfO5q1'],['enable password xxxxxx'],['username username1 password 0 kV9sIj3']
['hostname Router'],['enable secret 5 $1$D5P6$PYx41/lQIASK.HcSbfO5q1'],['enable password xxxxxx'],['username username1 password 0 kV9sIj3']
['hostname Router'],['enable secret 5 $1$D5P6$PYx41/lQIASK.HcSbfO5q1'],['enable password xxxxxx'],['username username1 password 0 kV9sIj3']
['hostname Router'],['enable secret 5 $1$D5P6$PYx41/lQIASK.HcSbfO5q1'],['enable password xxxxxx'],['username username1 password 0 kV9sIj3']
['hostname Router'],['enable secret 5 $1$D5P6$PYx41/lQIASK.HcSbfO5q1'],['enable password xxxxxx'],['username username1 password 0 kV9sIj3']
['hostname Router'],['enable secret 5 $1$D5P6$PYx41/lQIASK.HcSbfO5q1'],['enable password xxxxxx'],['username username1 password 0 kV9sIj3']
['hostname Router'],['enable secret 5 $1$D5P6$PYx41/lQIASK.HcSbfO5q1'],['enable password xxxxxx'],['username username1 password 0 kV9sIj3']
['hostname Router'],['enable secret 5 $1$D5P6$PYx41/lQIASK.HcSbfO5q1'],['enable password xxxxxx'],['username username1 password 0 kV9sIj3']
['hostname Router'],['enable secret 5 $1$D5P6$PYx41/lQIASK.HcSbfO5q1'],['enable password xxxxxx'],['username username1 password 0 kV9sIj3']
['hostname Router'],['enable secret 5 $1$D5P6$PYx41/lQIASK.HcSbfO5q1'],['enable password xxxxxx'],['username username1 password 0 kV9sIj3']
['hostname Router'],['enable secret 5 $1$D5P6$PYx41/lQIASK.HcSbfO5q1'],['enable password xxxxxx'],['username username1 password 0 kV9sIj3']
['hostname Router'],['enable secret 5 $1$D5P6$PYx41/lQIASK.HcSbfO5q1'],['enable password xxxxxx'],['username username1 password 0 kV9sIj3']
['hostname Router'],['enable secret 5 $1$D5P6$PYx41/lQIASK.HcSbfO5q1'],['enable password xxxxxx'],['username username1 password 0 kV9sIj3']
['hostname Router'],['enable secret 5 $1$D5P6$PYx41/lQIASK.HcSbfO5q1'],['enable password xxxxxx'],['username username1 password 0 kV9sIj3']
['hostname Router'],['enable secret 5 $1$D5P6$PYx41/lQIASK.HcSbfO5q1'],['enable password xxxxxx'],['username username1 password 0 kV9sIj3']
"[('hostname', 'Router')]",['enable secret 5 $1$D5P6$PYx41/lQIASK.HcSbfO5q1'],['enable password xxxxxx'],['username username1 password 0 kV9sIj3']
"[('hostname', 'Router')]",['enable secret 5 $1$D5P6$PYx41/lQIASK.HcSbfO5q1'],['enable password xxxxxx'],['username username1 password 0 kV9sIj3']
"[('hostname', 'Router')]",['enable secret 5 $1$D5P6$PYx41/lQIASK.HcSbfO5q1'],['enable password xxxxxx'],['username username1 password 0 kV9sIj3']
"[('hostname', 'Router')]",['enable secret 5 $1$D5P6$PYx41/lQIASK.HcSbfO5q1'],['enable password xxxxxx'],['username username1 password 0 kV9sIj3']
"[('hostname', 'Router')]",['enable secret 5 $1$D5P6$PYx41/lQIASK.HcSbfO5q1'],['enable password xxxxxx'],['username username1 password 0 kV9sIj3']
['Router'],['enable secret 5 $1$D5P6$PYx41/lQIASK.HcSbfO5q1'],['enable password xxxxxx'],['username username1 password 0 kV9sIj3']
['Router'],['enable secret 5 $1$D5P6$PYx41/lQIASK.HcSbfO5q1'],['enable password xxxxxx'],['username username1 password 0 kV9sIj3']
['Router'],['enable secret 5 $1$D5P6$PYx41/lQIASK.HcSbfO5q1'],['enable password xxxxxx'],['username username1 password 0 kV9sIj3']
['Router'],['enable secret 5 $1$D5P6$PYx41/lQIASK.HcSbfO5q1'],['enable password xxxxxx'],['username username1 password 0 kV9sIj3']
['Router'],['enable secret 5 $1$D5P6$PYx41/lQIASK.HcSbfO5q1'],['enable password xxxxxx'],['username username1 password 0 kV9sIj3']
['Router'],['enable secret 5 $1$D5P6$PYx41/lQIASK.HcSbfO5q1'],['enable password xxxxxx'],['username username1 password 0 kV9sIj3']
['Router'],['enable secret 5 $1$D5P6$PYx41/lQIASK.HcSbfO5q1'],['enable password xxxxxx'],['username username1 password 0 kV9sIj3']
IosHostname,IosEnableSecret,IosEnablePwd,IosUsername
['Router'],['enable secret 5 $1$D5P6$PYx41/lQIASK.HcSbfO5q1'],['enable password xxxxxx'],['username username1 password 0 kV9sIj3']
['Router'],['enable secret 5 $1$D5P6$PYx41/lQIASK.HcSbfO5q1'],['enable password xxxxxx'],['username username1 password 0 kV9sIj3']
['Router'],['enable secret 5 $1$D5P6$PYx41/lQIASK.HcSbfO5q1'],['enable password xxxxxx'],['username username1 password 0 kV9sIj3']
['Router'],['enable secret 5 $1$D5P6$PYx41/lQIASK.HcSbfO5q1'],['enable password xxxxxx'],['username username1 password 0 kV9sIj3']
['Router'],['enable secret 5 $1$D5P6$PYx41/lQIASK.HcSbfO5q1'],['enable password xxxxxx'],['username username1 password 0 kV9sIj3']
['Router'],['enable secret 5 $1$D5P6$PYx41/lQIASK.HcSbfO5q1'],['enable password xxxxxx'],['username username1 password 0 kV9sIj3']
['Router'],['enable secret 5 $1$D5P6$PYx41/lQIASK.HcSbfO5q1'],['enable password xxxxxx'],['username username1 password 0 kV9sIj3']
['Router'],['enable secret 5 $1$D5P6$PYx41/lQIASK.HcSbfO5q1'],['enable password xxxxxx'],[]
['Router'],[],[],['username username1 password 0 kV9sIj3']
['Router'],['enable secret 5 $1$D5P6$PYx41/lQIASK.HcSbfO5q1'],['enable password xxxxxx'],['username username1 password 0 kV9sIj3']
['Router'],['enable secret 5 $1$D5P6$PYx41/lQIASK.HcSbfO5q1'],['enable password xxxxxx'],['username username1 password 0 kV9sIj3']
['Router'],['enable secret 5 $1$D5P6$PYx41/lQIASK.HcSbfO5q1'],['enable password xxxxxx'],['username username1 password 0 kV9sIj3']
['Router'],['enable secret 5 $1$D5P6$PYx41/lQIASK.HcSbfO5q1'],['enable password xxxxxx'],['username username1 password 0 kV9sIj3']
['Router'],['enable secret 5 $1$D5P6$PYx41/lQIASK.HcSbfO5q1'],['enable password xxxxxx'],['username username1 password 0 kV9sIj3']
